t_seconds,phase,pkg_mC,ec_hex
0,idle,43000,00040000000000000b002e07e8051f00000000190100000102010000000000001a000300000000000000000000000000000000000000000000000000000000000000000000000000000000000000000000000000000000000000000000000000000024000000000000000000000000002d2d252500000000000000000000000102011520800c882c800c000001ac01e00a822f5700000000000000000000000000c201000000000000000000000000000000000000000000000000000000000000010000000000000000000000000000000000000000000000000000000000000000000000000000000000000000000000000000000000000000010000000000
2,idle,43000,00040000000000000b002e07e8051f00000000190100000102010000000000001a000300000000000000000000000000000000000000000000000000000000000000000000000000000000000000000000000000000000000000000000000000000024000000000000000000000000002d2d252500000000000000000000000102011520800c882c800c000001ac01e00a7c2f5700000000000000000000000000c201000000000000000000000000000000000000000000000000000000000000010000000000000000000000000000000000000000000000000000000000000000000000000000000000000000000000000000000000000000010000000000
3,idle,43000,00040000000000000b002e07e8051f00000000190100000102010000000000001a000300000000000000000000000000000000000000000000000000000000000000000000000000000000000000000000000000000000000000000000000000000024000000000000000000000000002d2d252500000000000000000000000102011520800c882c800c000001ac01e00a7f2f5700000000000000000000000000c201000000000000000000000000000000000000000000000000000000000000010000000000000000000000000000000000000000000000000000000000000000000000000000000000000000000000000000000000000000010000000000
4,idle,43000,00040000000000000b002e07e8051f00000000190100000102010000000000001a000300000000000000000000000000000000000000000000000000000000000000000000000000000000000000000000000000000000000000000000000000000024000000000000000000000000002d2d252500000000000000000000000102011520800c882c800c000001b701e00a702f5700000000000000000000000000c201000000000000000000000000000000000000000000000000000000000000010000000000000000000000000000000000000000000000000000000000000000000000000000000000000000000000000000000000000000010000000000
5,idle,43000,00040000000000000b002e07e8051f00000000190100000102010000000000001a000300000000000000000000000000000000000000000000000000000000000000000000000000000000000000000000000000000000000000000000000000000024000000000000000000000000002d2d252500000000000000000000000102011520800c882c800c000001b701e00a7f2f5700000000000000000000000000c201000000000000000000000000000000000000000000000000000000000000010000000000000000000000000000000000000000000000000000000000000000000000000000000000000000000000000000000000000000010000000000
6,idle,43000,00040000000000000b002e07e8051f00000000190100000102010000000000001a000300000000000000000000000000000000000000000000000000000000000000000000000000000000000000000000000000000000000000000000000000000024000000000000000000000000002d2d252500000000000000000000000102011520800c882c800c000001b701e00a792f5700000000000000000000000000c201000000000000000000000000000000000000000000000000000000000000010000000000000000000000000000000000000000000000000000000000000000000000000000000000000000000000000000000000000000010000000000
8,idle,43000,00040000000000000b002e07e8051f00000000190100000102010000000000001a000300000000000000000000000000000000000000000000000000000000000000000000000000000000000000000000000000000000000000000000000000000024000000000000000000000000002d2d252500000000000000000000000102011520800c882c800c000001b701e00a7c2f5700000000000000000000000000c201000000000000000000000000000000000000000000000000000000000000010000000000000000000000000000000000000000000000000000000000000000000000000000000000000000000000000000000000000000010000000000
9,idle,43000,00040000000000000b002e07e8051f00000000190100000102010000000000001a000300000000000000000000000000000000000000000000000000000000000000000000000000000000000000000000000000000000000000000000000000000024000000000000000000000000002d2d252500000000000000000000000102011520800c882c800c000001b701e00a522f5700000000000000000000000000c201000000000000000000000000000000000000000000000000000000000000010000000000000000000000000000000000000000000000000000000000000000000000000000000000000000000000000000000000000000010000000000
10,idle,44000,00040000000000000b002e07e8051f00000000190100000102010000000000001a000300000000000000000000000000000000000000000000000000000000000000000000000000000000000000000000000000000000000000000000000000000024000000000000000000000000002d2d252500000000000000000000000102011520800c882c800c000001b701e00a492f5700000000000000000000000000c201000000000000000000000000000000000000000000000000000000000000010000000000000000000000000000000000000000000000000000000000000000000000000000000000000000000000000000000000000000010000000000
11,idle,43000,00040000000000000b002e07e8051f00000000190100000102010000000000001a000300000000000000000000000000000000000000000000000000000000000000000000000000000000000000000000000000000000000000000000000000000024000000000000000000000000002d2d252500000000000000000000000102011520800c882c800c000001b701e00a732f5700000000000000000000000000c201000000000000000000000000000000000000000000000000000000000000010000000000000000000000000000000000000000000000000000000000000000000000000000000000000000000000000000000000000000010000000000
13,idle,43000,00040000000000000b002e07e8051f00000000190100000102010000000000001a000300000000000000000000000000000000000000000000000000000000000000000000000000000000000000000000000000000000000000000000000000000024000000000000000000000000002d2d252500000000000000000000000102011520800c882c800c000001c301e00a7f2f5700000000000000000000000000c201000000000000000000000000000000000000000000000000000000000000010000000000000000000000000000000000000000000000000000000000000000000000000000000000000000000000000000000000000000010000000000
14,idle,44000,00040000000000000b002e07e8051f00000000190100000102010000000000001a000300000000000000000000000000000000000000000000000000000000000000000000000000000000000000000000000000000000000000000000000000000024000000000000000000000000002d2d252500000000000000000000000102011520800c882c800c000001c301e00a5b2f5700000000000000000000000000c201000000000000000000000000000000000000000000000000000000000000010000000000000000000000000000000000000000000000000000000000000000000000000000000000000000000000000000000000000000010000000000
15,idle,43000,00040000000000000b002e07e8051f00000000190100000102010000000000001a000300000000000000000000000000000000000000000000000000000000000000000000000000000000000000000000000000000000000000000000000000000024000000000000000000000000002d2d252500000000000000000000000102011520800c882c800c000001d001e00a732f5700000000000000000000000000c201000000000000000000000000000000000000000000000000000000000000010000000000000000000000000000000000000000000000000000000000000000000000000000000000000000000000000000000000000000010000000000
16,idle,44000,00040000000000000b002e07e8051f00000000190100000102010000000000001a000300000000000000000000000000000000000000000000000000000000000000000000000000000000000000000000000000000000000000000000000000000024000000000000000000000000002d2d252500000000000000000000000102011520800c882c800c000001d001e00a882f5700000000000000000000000000c201000000000000000000000000000000000000000000000000000000000000010000000000000000000000000000000000000000000000000000000000000000000000000000000000000000000000000000000000000000010000000000
18,idle,43000,00040000000000000b002e07e8051f00000000190100000102010000000000001a000300000000000000000000000000000000000000000000000000000000000000000000000000000000000000000000000000000000000000000000000000000024000000000000000000000000002d2d252500000000000000000000000102011520800c882c800c000001d001e00a792f5700000000000000000000000000c201000000000000000000000000000000000000000000000000000000000000010000000000000000000000000000000000000000000000000000000000000000000000000000000000000000000000000000000000000000010000000000
19,idle,42000,00040000000000000b002e07e8051f00000000190100000102010000000000001a000300000000000000000000000000000000000000000000000000000000000000000000000000000000000000000000000000000000000000000000000000000024000000000000000000000000002d2d252600000000000000000000000102011520800c882c800c000001d001e00a8e2f5700000000000000000000000000c201000000000000000000000000000000000000000000000000000000000000010000000000000000000000000000000000000000000000000000000000000000000000000000000000000000000000000000000000000000010000000000
20,idle,43000,00040000000000000b002e07e8051f00000000190100000102010000000000001a000300000000000000000000000000000000000000000000000000000000000000000000000000000000000000000000000000000000000000000000000000000024000000000000000000000000002d2d252600000000000000000000000102011520800c882c800c000001b701e00a882f5700000000000000000000000000c201000000000000000000000000000000000000000000000000000000000000010000000000000000000000000000000000000000000000000000000000000000000000000000000000000000000000000000000000000000010000000000
21,idle,43000,00040000000000000b002e07e8051f00000000190100000102010000000000001a000300000000000000000000000000000000000000000000000000000000000000000000000000000000000000000000000000000000000000000000000000000024000000000000000000000000002d2d252600000000000000000000000102011520800c882c800c000001b701e00a672f5700000000000000000000000000c201000000000000000000000000000000000000000000000000000000000000010000000000000000000000000000000000000000000000000000000000000000000000000000000000000000000000000000000000000000010000000000
22,idle,43000,00040000000000000b002e07e8051f00000000190100000102010000000000001a000300000000000000000000000000000000000000000000000000000000000000000000000000000000000000000000000000000000000000000000000000000024000000000000000000000000002d2d252600000000000000000000000102011520800c882c800c000001b701e00a942f5700000000000000000000000000c201000000000000000000000000000000000000000000000000000000000000010000000000000000000000000000000000000000000000000000000000000000000000000000000000000000000000000000000000000000010000000000
24,idle,43000,00040000000000000b002e07e8051f00000000190100000102010000000000001a000300000000000000000000000000000000000000000000000000000000000000000000000000000000000000000000000000000000000000000000000000000024000000000000000000000000002d2d252600000000000000000000000102011520800c882c800c000001b701e00a882f5700000000000000000000000000c201000000000000000000000000000000000000000000000000000000000000010000000000000000000000000000000000000000000000000000000000000000000000000000000000000000000000000000000000000000010000000000
25,idle,43000,00040000000000000b002e07e8051f00000000190100000102010000000000001a000300000000000000000000000000000000000000000000000000000000000000000000000000000000000000000000000000000000000000000000000000000024000000000000000000000000002d2d252600000000000000000000000102011520800c882c800c000001ac01e00a8b2f5700000000000000000000000000c201000000000000000000000000000000000000000000000000000000000000010000000000000000000000000000000000000000000000000000000000000000000000000000000000000000000000000000000000000000010000000000
26,idle,43000,00040000000000000b002e07e8051f00000000190100000102010000000000001a000300000000000000000000000000000000000000000000000000000000000000000000000000000000000000000000000000000000000000000000000000000024000000000000000000000000002d2d252600000000000000000000000102011520800c882c800c000001ac01e00a8e2f5700000000000000000000000000c201000000000000000000000000000000000000000000000000000000000000010000000000000000000000000000000000000000000000000000000000000000000000000000000000000000000000000000000000000000010000000000
27,idle,44000,00040000000000000b002e07e8051f00000000190100000102010000000000001a000300000000000000000000000000000000000000000000000000000000000000000000000000000000000000000000000000000000000000000000000000000024000000000000000000000000002d2d242600000000000000000000000102011520800c882c800c000001b701e00a912f5700000000000000000000000000c201000000000000000000000000000000000000000000000000000000000000010000000000000000000000000000000000000000000000000000000000000000000000000000000000000000000000000000000000000000010000000000
29,idle,44000,00040000000000000b002e07e8051f00000000190100000102010000000000001a000300000000000000000000000000000000000000000000000000000000000000000000000000000000000000000000000000000000000000000000000000000024000000000000000000000000002d2d242600000000000000000000000102011520800c882c800c000001b701e00a852f5700000000000000000000000000c201000000000000000000000000000000000000000000000000000000000000010000000000000000000000000000000000000000000000000000000000000000000000000000000000000000000000000000000000000000010000000000
30,idle,44000,00040000000000000b002e07e8051f00000000190100000102010000000000001a000300000000000000000000000000000000000000000000000000000000000000000000000000000000000000000000000000000000000000000000000000000024000000000000000000000000002d2d242600000000000000000000000102011520800c882c800c000001b701e00a6d2f5700000000000000000000000000c201000000000000000000000000000000000000000000000000000000000000010000000000000000000000000000000000000000000000000000000000000000000000000000000000000000000000000000000000000000010000000000
31,idle,43000,00040000000000000b002e07e8051f00000000190100000102010000000000001a000300000000000000000000000000000000000000000000000000000000000000000000000000000000000000000000000000000000000000000000000000000024000000000000000000000000002d2d242600000000000000000000000102011520800c882c800c000001b701e00a7c2f5700000000000000000000000000c201000000000000000000000000000000000000000000000000000000000000010000000000000000000000000000000000000000000000000000000000000000000000000000000000000000000000000000000000000000010000000000
32,idle,43000,00040000000000000b002e07e8051f00000000190100000102010000000000001a000300000000000000000000000000000000000000000000000000000000000000000000000000000000000000000000000000000000000000000000000000000024000000000000000000000000002d2d242600000000000000000000000102011520800c882c800c000001ac01e00a7c2f5700000000000000000000000000c201000000000000000000000000000000000000000000000000000000000000010000000000000000000000000000000000000000000000000000000000000000000000000000000000000000000000000000000000000000010000000000
34,idle,44000,00040000000000000b002e07e8051f00000000190100000102010000000000001a000300000000000000000000000000000000000000000000000000000000000000000000000000000000000000000000000000000000000000000000000000000024000000000000000000000000002d2d242600000000000000000000000102011520800c882c800c000001ac01e00a642f5700000000000000000000000000c201000000000000000000000000000000000000000000000000000000000000010000000000000000000000000000000000000000000000000000000000000000000000000000000000000000000000000000000000000000010000000000
35,idle,43000,00040000000000000b002e07e8051f00000000190100000102010000000000001a000300000000000000000000000000000000000000000000000000000000000000000000000000000000000000000000000000000000000000000000000000000024000000000000000000000000002d2d242600000000000000000000000102011520800c882c800c000001ac01e00a402f5700000000000000000000000000c201000000000000000000000000000000000000000000000000000000000000010000000000000000000000000000000000000000000000000000000000000000000000000000000000000000000000000000000000000000010000000000
36,idle,44000,00040000000000000b002e07e8051f00000000190100000102010000000000001a000300000000000000000000000000000000000000000000000000000000000000000000000000000000000000000000000000000000000000000000000000000024000000000000000000000000002d2d242600000000000000000000000102011520800c882c800c000001b701e00a7c2f5700000000000000000000000000c201000000000000000000000000000000000000000000000000000000000000010000000000000000000000000000000000000000000000000000000000000000000000000000000000000000000000000000000000000000010000000000
37,idle,43000,00040000000000000b002e07e8051f00000000190100000102010000000000001a000300000000000000000000000000000000000000000000000000000000000000000000000000000000000000000000000000000000000000000000000000000024000000000000000000000000002d2d242600000000000000000000000102011520800c882c800c000001b701e00a342f5700000000000000000000000000c201000000000000000000000000000000000000000000000000000000000000010000000000000000000000000000000000000000000000000000000000000000000000000000000000000000000000000000000000000000010000000000
39,idle,44000,00040000000000000b002e07e8051f00000000190100000102010000000000001a000300000000000000000000000000000000000000000000000000000000000000000000000000000000000000000000000000000000000000000000000000000024000000000000000000000000002d2d242600000000000000000000000102011520800c882c800c000001b701e00a612f5700000000000000000000000000c201000000000000000000000000000000000000000000000000000000000000010000000000000000000000000000000000000000000000000000000000000000000000000000000000000000000000000000000000000000010000000000
40,idle,44000,00040000000000000b002e07e8051f00000000190100000102010000000000001a000300000000000000000000000000000000000000000000000000000000000000000000000000000000000000000000000000000000000000000000000000000024000000000000000000000000002d2d252600000000000000000000000102011520800c882c800c000001d001e00a7c2f5700000000000000000000000000c201000000000000000000000000000000000000000000000000000000000000010000000000000000000000000000000000000000000000000000000000000000000000000000000000000000000000000000000000000000010000000000
41,idle,44000,00040000000000000b002e07e8051f00000000190100000102010000000000001a000300000000000000000000000000000000000000000000000000000000000000000000000000000000000000000000000000000000000000000000000000000024000000000000000000000000002d2d252600000000000000000000000102011520800c882c800c000001d001e00a5b2f5700000000000000000000000000c201000000000000000000000000000000000000000000000000000000000000010000000000000000000000000000000000000000000000000000000000000000000000000000000000000000000000000000000000000000010000000000
42,idle,43000,00040000000000000b002e07e8051f00000000190100000102010000000000001a000300000000000000000000000000000000000000000000000000000000000000000000000000000000000000000000000000000000000000000000000000000024000000000000000000000000002d2d252600000000000000000000000102011520800c882c800c000001d001e00a792f5700000000000000000000000000c201000000000000000000000000000000000000000000000000000000000000010000000000000000000000000000000000000000000000000000000000000000000000000000000000000000000000000000000000000000010000000000
43,idle,43000,00040000000000000b002e07e8051f00000000190100000102010000000000001a000300000000000000000000000000000000000000000000000000000000000000000000000000000000000000000000000000000000000000000000000000000024000000000000000000000000002d2d252600000000000000000000000102011520800c882c800c000001d001e00a702f5700000000000000000000000000c201000000000000000000000000000000000000000000000000000000000000010000000000000000000000000000000000000000000000000000000000000000000000000000000000000000000000000000000000000000010000000000
45,idle,43000,00040000000000000b002e07e8051f00000000190100000102010000000000001a000300000000000000000000000000000000000000000000000000000000000000000000000000000000000000000000000000000000000000000000000000000024000000000000000000000000002d2d252600000000000000000000000102011520800c882c800c000001d001e00a552f5700000000000000000000000000c201000000000000000000000000000000000000000000000000000000000000010000000000000000000000000000000000000000000000000000000000000000000000000000000000000000000000000000000000000000010000000000
46,idle,43000,00040000000000000b002e07e8051f00000000190100000102010000000000001a000300000000000000000000000000000000000000000000000000000000000000000000000000000000000000000000000000000000000000000000000000000024000000000000000000000000002d2d252600000000000000000000000102011520800c882c800c000001d001e00a6d2f5700000000000000000000000000c201000000000000000000000000000000000000000000000000000000000000010000000000000000000000000000000000000000000000000000000000000000000000000000000000000000000000000000000000000000010000000000
47,idle,44000,00040000000000000b002e07e8051f00000000190100000102010000000000001a000300000000000000000000000000000000000000000000000000000000000000000000000000000000000000000000000000000000000000000000000000000024000000000000000000000000002d2d252600000000000000000000000102011520800c882c800c000001d001e00a672f5700000000000000000000000000c201000000000000000000000000000000000000000000000000000000000000010000000000000000000000000000000000000000000000000000000000000000000000000000000000000000000000000000000000000000010000000000
48,idle,43000,00040000000000000b002e07e8051f00000000190100000102010000000000001a000300000000000000000000000000000000000000000000000000000000000000000000000000000000000000000000000000000000000000000000000000000024000000000000000000000000002d2d252600000000000000000000000102011520800c882c800c000001eb01e00a6d2f5700000000000000000000000000c201000000000000000000000000000000000000000000000000000000000000010000000000000000000000000000000000000000000000000000000000000000000000000000000000000000000000000000000000000000010000000000
50,idle,43000,00040000000000000b002e07e8051f00000000190100000102010000000000001a000300000000000000000000000000000000000000000000000000000000000000000000000000000000000000000000000000000000000000000000000000000024000000000000000000000000002d2d252600000000000000000000000102011520800c882c800c000001eb01e00a5e2f5700000000000000000000000000c201000000000000000000000000000000000000000000000000000000000000010000000000000000000000000000000000000000000000000000000000000000000000000000000000000000000000000000000000000000010000000000
51,idle,44000,00040000000000000b002e07e8051f00000000190100000102010000000000001a000300000000000000000000000000000000000000000000000000000000000000000000000000000000000000000000000000000000000000000000000000000024000000000000000000000000002d2d252600000000000000000000000102011520800c882c800c000001eb01e00a702f5700000000000000000000000000c201000000000000000000000000000000000000000000000000000000000000010000000000000000000000000000000000000000000000000000000000000000000000000000000000000000000000000000000000000000010000000000
52,idle,44000,00040000000000000b002e07e8051f00000000190100000102010000000000001a000300000000000000000000000000000000000000000000000000000000000000000000000000000000000000000000000000000000000000000000000000000024000000000000000000000000002d2d252600000000000000000000000102011520800c882c800c000001eb01e00a6d2f5700000000000000000000000000c201000000000000000000000000000000000000000000000000000000000000010000000000000000000000000000000000000000000000000000000000000000000000000000000000000000000000000000000000000000010000000000
53,idle,44000,00040000000000000b002e07e8051f00000000190100000102010000000000001a000300000000000000000000000000000000000000000000000000000000000000000000000000000000000000000000000000000000000000000000000000000024000000000000000000000000002d2d252600000000000000000000000102011520800c882c800c000001eb01e00a4f2f5700000000000000000000000000c201000000000000000000000000000000000000000000000000000000000000010000000000000000000000000000000000000000000000000000000000000000000000000000000000000000000000000000000000000000010000000000
54,idle,44000,00040000000000000b002e07e8051f00000000190100000102010000000000001a000300000000000000000000000000000000000000000000000000000000000000000000000000000000000000000000000000000000000000000000000000000024000000000000000000000000002d2d252600000000000000000000000102011520800c882c800c000001eb01e00a642f5700000000000000000000000000c201000000000000000000000000000000000000000000000000000000000000010000000000000000000000000000000000000000000000000000000000000000000000000000000000000000000000000000000000000000010000000000
56,idle,44000,00040000000000000b002e07e8051f00000000190100000102010000000000001a000300000000000000000000000000000000000000000000000000000000000000000000000000000000000000000000000000000000000000000000000000000024000000000000000000000000002d2d252600000000000000000000000102011520800c882c800c000001eb01e00a672f5700000000000000000000000000c201000000000000000000000000000000000000000000000000000000000000010000000000000000000000000000000000000000000000000000000000000000000000000000000000000000000000000000000000000000010000000000
57,idle,43000,00040000000000000b002e07e8051f00000000190100000102010000000000001a000300000000000000000000000000000000000000000000000000000000000000000000000000000000000000000000000000000000000000000000000000000024000000000000000000000000002d2d252600000000000000000000000102011520800c882c800c000001eb01e00a312f5700000000000000000000000000c201000000000000000000000000000000000000000000000000000000000000010000000000000000000000000000000000000000000000000000000000000000000000000000000000000000000000000000000000000000010000000000
58,idle,44000,00040000000000000b002e07e8051f00000000190100000102010000000000001a000300000000000000000000000000000000000000000000000000000000000000000000000000000000000000000000000000000000000000000000000000000024000000000000000000000000002d2d252600000000000000000000000102011520800c882c800c000001eb01e00a2e2f5700000000000000000000000000c201000000000000000000000000000000000000000000000000000000000000010000000000000000000000000000000000000000000000000000000000000000000000000000000000000000000000000000000000000000010000000000
59,idle,44000,00040000000000000b002e07e8051f00000000190100000102010000000000001a000300000000000000000000000000000000000000000000000000000000000000000000000000000000000000000000000000000000000000000000000000000024000000000000000000000000002d2d252600000000000000000000000102011520800c882c800c000001eb01e00a702f5700000000000000000000000000c201000000000000000000000000000000000000000000000000000000000000010000000000000000000000000000000000000000000000000000000000000000000000000000000000000000000000000000000000000000010000000000
61,idle,44000,00040000000000000b002e07e8051f00000000190100000102010000000000001a000300000000000000000000000000000000000000000000000000000000000000000000000000000000000000000000000000000000000000000000000000000024000000000000000000000000002d2d252600000000000000000000000102011520800c882c800c000001eb01e00a642f5700000000000000000000000000c201000000000000000000000000000000000000000000000000000000000000010000000000000000000000000000000000000000000000000000000000000000000000000000000000000000000000000000000000000000010000000000
62,idle,43000,00040000000000000b002e07e8051f00000000190100000102010000000000001a000300000000000000000000000000000000000000000000000000000000000000000000000000000000000000000000000000000000000000000000000000000024000000000000000000000000002d2d252600000000000000000000000102011520800c882c800c000001eb01e00a5b2f5700000000000000000000000000c201000000000000000000000000000000000000000000000000000000000000010000000000000000000000000000000000000000000000000000000000000000000000000000000000000000000000000000000000000000010000000000
63,idle,44000,00040000000000000b002e07e8051f00000000190100000102010000000000001a000300000000000000000000000000000000000000000000000000000000000000000000000000000000000000000000000000000000000000000000000000000024000000000000000000000000002d2d252600000000000000000000000102011520800c882c800c000001eb01e00a702f5700000000000000000000000000c201000000000000000000000000000000000000000000000000000000000000010000000000000000000000000000000000000000000000000000000000000000000000000000000000000000000000000000000000000000010000000000
64,idle,43000,00040000000000000b002e07e8051f00000000190100000102010000000000001a000300000000000000000000000000000000000000000000000000000000000000000000000000000000000000000000000000000000000000000000000000000024000000000000000000000000002d2d252600000000000000000000000102011520800c882c800c000001eb01e00a6a2f5700000000000000000000000000c201000000000000000000000000000000000000000000000000000000000000010000000000000000000000000000000000000000000000000000000000000000000000000000000000000000000000000000000000000000010000000000
66,idle,44000,00040000000000000b002e07e8051f00000000190100000102010000000000001a000300000000000000000000000000000000000000000000000000000000000000000000000000000000000000000000000000000000000000000000000000000024000000000000000000000000002d2d252600000000000000000000000102011520800c882c800c000001eb01e00a732f5700000000000000000000000000c201000000000000000000000000000000000000000000000000000000000000010000000000000000000000000000000000000000000000000000000000000000000000000000000000000000000000000000000000000000010000000000
67,idle,44000,00040000000000000b002e07e8051f00000000190100000102010000000000001a000300000000000000000000000000000000000000000000000000000000000000000000000000000000000000000000000000000000000000000000000000000024000000000000000000000000002d2d252600000000000000000000000102011520800c882c800c000001eb01e00a6a2f5700000000000000000000000000c201000000000000000000000000000000000000000000000000000000000000010000000000000000000000000000000000000000000000000000000000000000000000000000000000000000000000000000000000000000010000000000
68,idle,45000,00040000000000000b002e07e8051f00000000190100000102010000000000001a000300000000000000000000000000000000000000000000000000000000000000000000000000000000000000000000000000000000000000000000000000000024000000000000000000000000002d2d252600000000000000000000000102011520800c882c800c000001dd01e00a3a2f5700000000000000000000000000c201000000000000000000000000000000000000000000000000000000000000010000000000000000000000000000000000000000000000000000000000000000000000000000000000000000000000000000000000000000010000000000
69,idle,45000,00040000000000000b002e07e8051f00000000190100000102010000000000001a000300000000000000000000000000000000000000000000000000000000000000000000000000000000000000000000000000000000000000000000000000000024000000000000000000000000002d2d252600000000000000000000000102011520800c882c800c000001dd01c00a282f5600000000000000000000000000c201000000000000000000000000000000000000000000000000000000000000010000000000000000000000000000000000000000000000000000000000000000000000000000000000000000000000000000000000000000010000000000
71,idle,45000,00040000000000000b002e07e8051f00000000190100000102010000000000001a000300000000000000000000000000000000000000000000000000000000000000000000000000000000000000000000000000000000000000000000000000000024000000000000000000000000002d2d252600000000000000000000000102011520800c882c800c000001d701c00a702f5600000000000000000000000000c201000000000000000000000000000000000000000000000000000000000000010000000000000000000000000000000000000000000000000000000000000000000000000000000000000000000000000000000000000000010000000000
72,idle,44000,00040000000000000b002e07e8051f00000000190100000102010000000000001a000300000000000000000000000000000000000000000000000000000000000000000000000000000000000000000000000000000000000000000000000000000024000000000000000000000000002d2d252600000000000000000000000102011520800c882c800c000001d701c00a642f5600000000000000000000000000c201000000000000000000000000000000000000000000000000000000000000010000000000000000000000000000000000000000000000000000000000000000000000000000000000000000000000000000000000000000010000000000
73,idle,44000,00040000000000000b002e07e8051f00000000190100000102010000000000001a000300000000000000000000000000000000000000000000000000000000000000000000000000000000000000000000000000000000000000000000000000000024000000000000000000000000002d2d252600000000000000000000000102011520800c882c800c000001e501c00a672f5600000000000000000000000000c201000000000000000000000000000000000000000000000000000000000000010000000000000000000000000000000000000000000000000000000000000000000000000000000000000000000000000000000000000000010000000000
74,load,43000,00040000000000000b002e07e8051f00000000190100000102010000000000001a000300000000000000000000000000000000000000000000000000000000000000000000000000000000000000000000000000000000000000000000000000000024000000000000000000000000002d2d252600000000000000000000000102011520800c882c800c000001e501c00a672f5600000000000000000000000000c201000000000000000000000000000000000000000000000000000000000000010000000000000000000000000000000000000000000000000000000000000000000000000000000000000000000000000000000000000000010000000000
75,load,48000,00040000000000000b002e07e8051f00000000190100000102010000000000001a000300000000000000000000000000000000000000000000000000000000000000000000000000000000000000000000000000000000000000000000000000000024000000000000000000000000003131252600000000000000000000000102011520800c882c800c000001e501c00ab02e5600000000000000000000000000ea01000000000000000000000000000000000000000000000000000000000000010000000000000000000000000000000000000000000000000000000000000000000000000000000000000000000000000000000000000000010000000000
77,load,50000,00040000000000000b002e07e8051f00000000190100000102010000000000001a000300000000000000000000000000000000000000000000000000000000000000000000000000000000000000000000000000000000000000000000000000000024000000000000000000000000003131252600000000000000000000000102011520800c882c800c000001e501c00a9e2e5600000000000000000000000000ea01000000000000000000000000000000000000000000000000000000000000010000000000000000000000000000000000000000000000000000000000000000000000000000000000000000000000000000000000000000010000000000
78,load,49000,00040000000000000b002e07e8051f00000000190100000102010000000000001a000300000000000000000000000000000000000000000000000000000000000000000000000000000000000000000000000000000000000000000000000000000024000000000000000000000000003232252600000000000000000000000102011520800c882c800c000001e501c00ab02e5600000000000000000000000000f401000000000000000000000000000000000000000000000000000000000000010000000000000000000000000000000000000000000000000000000000000000000000000000000000000000000000000000000000000000010000000000
79,load,49000,00040000000000000b002e07e8051f00000000190100000102010000000000001a000300000000000000000000000000000000000000000000000000000000000000000000000000000000000000000000000000000000000000000000000000000024000000000000000000000000003232252600000000000000000000000102011520800c882c800c000001e501c00a9e2e5600000000000000000000000000f401000000000000000000000000000000000000000000000000000000000000010000000000000000000000000000000000000000000000000000000000000000000000000000000000000000000000000000000000000000010000000000
80,load,50000,00040000000000000b002e07e8051f00000000190100000102010000000000001a000300000000000000000000000000000000000000000000000000000000000000000000000000000000000000000000000000000000000000000000000000000024000000000000000000000000003232252600000000000000000000000102011520800c882c800c000001e501c00a922e5600000000000000000000000000f401000000000000000000000000000000000000000000000000000000000000010000000000000000000000000000000000000000000000000000000000000000000000000000000000000000000000000000000000000000010000000000
81,load,50000,00040000000000000b002e07e8051f00000000190100000102010000000000001a000300000000000000000000000000000000000000000000000000000000000000000000000000000000000000000000000000000000000000000000000000000024000000000000000000000000003232252600000000000000000000000102011520800c882c800c000001b002c00aa72e5600000000000000000000000000f401000000000000000000000000000000000000000000000000000000000000010000000000000000000000000000000000000000000000000000000000000000000000000000000000000000000000000000000000000000010000000000
82,load,51000,00040000000000000b002e07e8051f00000000190100000102010000000000001a000300000000000000000000000000000000000000000000000000000000000000000000000000000000000000000000000000000000000000000000000000000024000000000000000000000000003333252600000000000000000000000102011520800c882c800c000001b002c00aa72e5600000000000000000000000000fe01000000000000000000000000000000000000000000000000000000000000010000000000000000000000000000000000000000000000000000000000000000000000000000000000000000000000000000000000000000010000000000
84,load,50000,00040000000000000b002e07e8051f00000000190100000102010000000000001a000300000000000000000000000000000000000000000000000000000000000000000000000000000000000000000000000000000000000000000000000000000024000000000000000000000000003333252700000000000000000000000102011520800c882c800c000001b002c00a8c2e5600000000000000000000000000fe01000000000000000000000000000000000000000000000000000000000000010000000000000000000000000000000000000000000000000000000000000000000000000000000000000000000000000000000000000000010000000000
85,load,51000,00040000000000000b002e07e8051f00000000190100000102010000000000001a000300000000000000000000000000000000000000000000000000000000000000000000000000000000000000000000000000000000000000000000000000000024000000000000000000000000003333252700000000000000000000000102011520800c882c800c0000013903c00aa42e5600000000000000000000000000fe01000000000000000000000000000000000000000000000000000000000000010000000000000000000000000000000000000000000000000000000000000000000000000000000000000000000000000000000000000000010000000000
86,load,51000,00040000000000000b002e07e8051f00000000190100000102010000000000001a000300000000000000000000000000000000000000000000000000000000000000000000000000000000000000000000000000000000000000000000000000000024000000000000000000000000003333252700000000000000000000000102011520800c882c800c0000013903c00aad2e5600000000000000000000000000fe01000000000000000000000000000000000000000000000000000000000000010000000000000000000000000000000000000000000000000000000000000000000000000000000000000000000000000000000000000000010000000000
87,load,51000,00040000000000000b002e07e8051f00000000190100000102010000000000001a000300000000000000000000000000000000000000000000000000000000000000000000000000000000000000000000000000000000000000000000000000000024000000000000000000000000003333252700000000000000000000000102011520800c882c800c0000013903c00a9e2e5600000000000000000000000000fe01000000000000000000000000000000000000000000000000000000000000010000000000000000000000000000000000000000000000000000000000000000000000000000000000000000000000000000000000000000010000000000
88,load,51000,00040000000000000b002e07e8051f00000000190100000102010000000000001a000300000000000000000000000000000000000000000000000000000000000000000000000000000000000000000000000000000000000000000000000000000024000000000000000000000000003434252700000000000000000000000102011520800c882c800c0000019503c00a8f2e56000000000000000000000000000802000000000000000000000000000000000000000000000000000000000000010000000000000000000000000000000000000000000000000000000000000000000000000000000000000000000000000000000000000000010000000000
90,load,51000,00040000000000000b002e07e8051f00000000190100000102010000000000001a000300000000000000000000000000000000000000000000000000000000000000000000000000000000000000000000000000000000000000000000000000000024000000000000000000000000003434252700000000000000000000000102011520800c882c800c0000019503c00aa12e56000000000000000000000000000802000000000000000000000000000000000000000000000000000000000000010000000000000000000000000000000000000000000000000000000000000000000000000000000000000000000000000000000000000000010000000000
91,load,52000,00040000000000000b002e07e8051f00000000190100000102010000000000001a000300000000000000000000000000000000000000000000000000000000000000000000000000000000000000000000000000000000000000000000000000000024000000000000000000000000003535252700000000000000000000000102011520800c882c800c0000019503c00a922e56000000000000000000000000001202000000000000000000000000000000000000000000000000000000000000010000000000000000000000000000000000000000000000000000000000000000000000000000000000000000000000000000000000000000010000000000
92,load,51000,00040000000000000b002e07e8051f00000000190100000102010000000000001a000300000000000000000000000000000000000000000000000000000000000000000000000000000000000000000000000000000000000000000000000000000024000000000000000000000000003535252700000000000000000000000102011520800c882c800c0000019503c00a862e56000000000000000000000000001202000000000000000000000000000000000000000000000000000000000000010000000000000000000000000000000000000000000000000000000000000000000000000000000000000000000000000000000000000000010000000000
93,load,54000,00040000000000000b002e07e8051f00000000190100000102010000000000001a000300000000000000000000000000000000000000000000000000000000000000000000000000000000000000000000000000000000000000000000000000000024000000000000000000000000003636252700000000000000000000000102011520800c882c800c000001cb03c00a922e56000000000000000000000000001c02000000000000000000000000000000000000000000000000000000000000010000000000000000000000000000000000000000000000000000000000000000000000000000000000000000000000000000000000000000010000000000
94,load,53000,00040000000000000b002e07e8051f00000000190100000102010000000000001a000300000000000000000000000000000000000000000000000000000000000000000000000000000000000000000000000000000000000000000000000000000024000000000000000000000000003636252700000000000000000000000102011520800c882c800c000001cb03c00a922e56000000000000000000000000001c02000000000000000000000000000000000000000000000000000000000000010000000000000000000000000000000000000000000000000000000000000000000000000000000000000000000000000000000000000000010000000000
95,load,53000,00040000000000000b002e07e8051f00000000190100000102010000000000001a000300000000000000000000000000000000000000000000000000000000000000000000000000000000000000000000000000000000000000000000000000000024000000000000000000000000003636252700000000000000000000000102011520800c882c800c000001cb03c00a862e56000000000000000000000000001c02000000000000000000000000000000000000000000000000000000000000010000000000000000000000000000000000000000000000000000000000000000000000000000000000000000000000000000000000000000010000000000
97,load,54000,00040000000000000b002e07e8051f00000000190100000102010000000000001a000300000000000000000000000000000000000000000000000000000000000000000000000000000000000000000000000000000000000000000000000000000024000000000000000000000000003636252800000000000000000000000102011520800c882c800c000001cb03c00a8c2e56000000000000000000000000001c02000000000000000000000000000000000000000000000000000000000000010000000000000000000000000000000000000000000000000000000000000000000000000000000000000000000000000000000000000000010000000000
98,load,53000,00040000000000000b002e07e8051f00000000190100000102010000000000001a000300000000000000000000000000000000000000000000000000000000000000000000000000000000000000000000000000000000000000000000000000000024000000000000000000000000003737252800000000000000000000000102011520800c882c800c000001cb03c00a922e56000000000000000000000000002602000000000000000000000000000000000000000000000000000000000000010000000000000000000000000000000000000000000000000000000000000000000000000000000000000000000000000000000000000000010000000000
99,load,53000,00040000000000000b002e07e8051f00000000190100000102010000000000001a000300000000000000000000000000000000000000000000000000000000000000000000000000000000000000000000000000000000000000000000000000000024000000000000000000000000003737252800000000000000000000000102011520800c882c800c000001cb03c00a952e56000000000000000000000000002602000000000000000000000000000000000000000000000000000000000000010000000000000000000000000000000000000000000000000000000000000000000000000000000000000000000000000000000000000000010000000000
100,load,54000,00040000000000000b002e07e8051f00000000190100000102010000000000001a000300000000000000000000000000000000000000000000000000000000000000000000000000000000000000000000000000000000000000000000000000000024000000000000000000000000003737252900000000000000000000000102011520800c882c800c000001cb03c00a7a2e56000000000000000000000000002602000000000000000000000000000000000000000000000000000000000000010000000000000000000000000000000000000000000000000000000000000000000000000000000000000000000000000000000000000000010000000000
101,load,54000,00040000000000000b002e07e8051f00000000190100000102010000000000001a000300000000000000000000000000000000000000000000000000000000000000000000000000000000000000000000000000000000000000000000000000000024000000000000000000000000003737252900000000000000000000000102011520800c882c800c0000010804c00a8c2e56000000000000000000000000002602000000000000000000000000000000000000000000000000000000000000010000000000000000000000000000000000000000000000000000000000000000000000000000000000000000000000000000000000000000010000000000
102,load,54000,00040000000000000b002e07e8051f00000000190100000102010000000000001a000300000000000000000000000000000000000000000000000000000000000000000000000000000000000000000000000000000000000000000000000000000024000000000000000000000000003737252900000000000000000000000102011520800c882c800c0000010804c00a7d2e56000000000000000000000000002602000000000000000000000000000000000000000000000000000000000000010000000000000000000000000000000000000000000000000000000000000000000000000000000000000000000000000000000000000000010000000000
104,load,55000,00040000000000000b002e07e8051f00000000190100000102010000000000001a000300000000000000000000000000000000000000000000000000000000000000000000000000000000000000000000000000000000000000000000000000000024000000000000000000000000003737252900000000000000000000000102011520800c882c800c0000010804c00a802e56000000000000000000000000002602000000000000000000000000000000000000000000000000000000000000010000000000000000000000000000000000000000000000000000000000000000000000000000000000000000000000000000000000000000010000000000
105,load,54000,00040000000000000b002e07e8051f00000000190100000102010000000000001a000300000000000000000000000000000000000000000000000000000000000000000000000000000000000000000000000000000000000000000000000000000024000000000000000000000000003737252900000000000000000000000102011520800c882c800c0000010804c00a892e56000000000000000000000000002602000000000000000000000000000000000000000000000000000000000000010000000000000000000000000000000000000000000000000000000000000000000000000000000000000000000000000000000000000000010000000000
106,load,55000,00040000000000000b002e07e8051f00000000190100000102010000000000001a000300000000000000000000000000000000000000000000000000000000000000000000000000000000000000000000000000000000000000000000000000000024000000000000000000000000003838252900000000000000000000000102011520800c882c800c0000010804c00a892e56000000000000000000000000003002000000000000000000000000000000000000000000000000000000000000010000000000000000000000000000000000000000000000000000000000000000000000000000000000000000000000000000000000000000010000000000
107,load,55000,00040000000000000b002e07e8051f00000000190100000102010000000000001a000300000000000000000000000000000000000000000000000000000000000000000000000000000000000000000000000000000000000000000000000000000024000000000000000000000000003838252900000000000000000000000102011520800c882c800c0000010804c00a7d2e56000000000000000000000000003002000000000000000000000000000000000000000000000000000000000000010000000000000000000000000000000000000000000000000000000000000000000000000000000000000000000000000000000000000000010000000000
108,load,55000,00040000000000000b002e07e8051f00000000190100000102010000000000001a000300000000000000000000000000000000000000000000000000000000000000000000000000000000000000000000000000000000000000000000000000000024000000000000000000000000003838252a00000000000000000000000102011520800c882c800c0000010804c00a712e56000000000000000000000000003002000000000000000000000000000000000000000000000000000000000000010000000000000000000000000000000000000000000000000000000000000000000000000000000000000000000000000000000000000000010000000000
110,load,55000,00040000000000000b002e07e8051f00000000190100000102010000000000001a000300000000000000000000000000000000000000000000000000000000000000000000000000000000000000000000000000000000000000000000000000000024000000000000000000000000003838252a00000000000000000000000102011520800c882c800c0000010804c00a832e56000000000000000000000000003002000000000000000000000000000000000000000000000000000000000000010000000000000000000000000000000000000000000000000000000000000000000000000000000000000000000000000000000000000000010000000000
111,load,57000,00040000000000000b002e07e8051f00000000190100000102010000000000001a000300000000000000000000000000000000000000000000000000000000000000000000000000000000000000000000000000000000000000000000000000000024000000000000000000000000003939252a00000000000000000000000102011520800c882c800c0000010804c00a682e56000000000000000000000000003a02000000000000000000000000000000000000000000000000000000000000010000000000000000000000000000000000000000000000000000000000000000000000000000000000000000000000000000000000000000010000000000
112,load,55000,00040000000000000b002e07e8051f00000000190100000102010000000000001a000300000000000000000000000000000000000000000000000000000000000000000000000000000000000000000000000000000000000000000000000000000024000000000000000000000000003939252a00000000000000000000000102011520800c882c800c0000010804c00a772e56000000000000000000000000003a02000000000000000000000000000000000000000000000000000000000000010000000000000000000000000000000000000000000000000000000000000000000000000000000000000000000000000000000000000000010000000000
113,load,55000,00040000000000000b002e07e8051f00000000190100000102010000000000001a000300000000000000000000000000000000000000000000000000000000000000000000000000000000000000000000000000000000000000000000000000000024000000000000000000000000003838252a00000000000000000000000102011520800c882c800c0000010804c00a7a2e56000000000000000000000000003002000000000000000000000000000000000000000000000000000000000000010000000000000000000000000000000000000000000000000000000000000000000000000000000000000000000000000000000000000000010000000000
114,load,57000,00040000000000000b002e07e8051f00000000190100000102010000000000001a000300000000000000000000000000000000000000000000000000000000000000000000000000000000000000000000000000000000000000000000000000000024000000000000000000000000003838252a00000000000000000000000102011520800c882c800c0000010804c00a7a2e56000000000000000000000000003002000000000000000000000000000000000000000000000000000000000000010000000000000000000000000000000000000000000000000000000000000000000000000000000000000000000000000000000000000000010000000000
115,load,56000,00040000000000000b002e07e8051f00000000190100000102010000000000001a000300000000000000000000000000000000000000000000000000000000000000000000000000000000000000000000000000000000000000000000000000000024000000000000000000000000003939252a00000000000000000000000102011520800c882c800c0000010804c00a772e56000000000000000000000000003a02000000000000000000000000000000000000000000000000000000000000010000000000000000000000000000000000000000000000000000000000000000000000000000000000000000000000000000000000000000010000000000
117,load,56000,00040000000000000b002e07e8051f00000000190100000102010000000000001a000300000000000000000000000000000000000000000000000000000000000000000000000000000000000000000000000000000000000000000000000000000025000000000000000000000000003939252b00000000000000000000000102011520800c882c800c0000010804c00a772e56000000000000000000000000003a02000000000000000000000000000000000000000000000000000000000000010000000000000000000000000000000000000000000000000000000000000000000000000000000000000000000000000000000000000000010000000000
118,load,55000,00040000000000000b002e07e8051f00000000190100000102010000000000001a000300000000000000000000000000000000000000000000000000000000000000000000000000000000000000000000000000000000000000000000000000000025000000000000000000000000003939252b00000000000000000000000102011520800c882c800c0000010804c00a6e2e56000000000000000000000000003a02000000000000000000000000000000000000000000000000000000000000010000000000000000000000000000000000000000000000000000000000000000000000000000000000000000000000000000000000000000010000000000
119,load,55000,00040000000000000b002e07e8051f00000000190100000102010000000000001a000300000000000000000000000000000000000000000000000000000000000000000000000000000000000000000000000000000000000000000000000000000025000000000000000000000000003939252b00000000000000000000000102011520800c882c800c0000010804c00a772e56000000000000000000000000003a02000000000000000000000000000000000000000000000000000000000000010000000000000000000000000000000000000000000000000000000000000000000000000000000000000000000000000000000000000000010000000000
120,load,56000,00040000000000000b002e07e8051f00000000190100000102010000000000001a000300000000000000000000000000000000000000000000000000000000000000000000000000000000000000000000000000000000000000000000000000000025000000000000000000000000003939252b00000000000000000000000102011520800c882c800c0000010804c00a652e56000000000000000000000000003a02000000000000000000000000000000000000000000000000000000000000010000000000000000000000000000000000000000000000000000000000000000000000000000000000000000000000000000000000000000010000000000
121,load,57000,00040000000000000b002e07e8051f00000000190100000102010000000000001a000300000000000000000000000000000000000000000000000000000000000000000000000000000000000000000000000000000000000000000000000000000025000000000000000000000000003939252b00000000000000000000000102011520800c882c800c0000010804c00a802e56000000000000000000000000003a02000000000000000000000000000000000000000000000000000000000000010000000000000000000000000000000000000000000000000000000000000000000000000000000000000000000000000000000000000000010000000000
123,load,57000,00040000000000000b002e07e8051f00000000190100000102010000000000001a000300000000000000000000000000000000000000000000000000000000000000000000000000000000000000000000000000000000000000000000000000000025000000000000000000000000003939252b00000000000000000000000102011520800c882c800c0000010804c00a7a2e56000000000000000000000000003a02000000000000000000000000000000000000000000000000000000000000010000000000000000000000000000000000000000000000000000000000000000000000000000000000000000000000000000000000000000010000000000
124,load,58000,00040000000000000b002e07e8051f00000000190100000102010000000000001a000300000000000000000000000000000000000000000000000000000000000000000000000000000000000000000000000000000000000000000000000000000025000000000000000000000000003a3a252b00000000000000000000000102011520800c882c800c0000010804c00a7a2e56000000000000000000000000004402000000000000000000000000000000000000000000000000000000000000010000000000000000000000000000000000000000000000000000000000000000000000000000000000000000000000000000000000000000010000000000
125,load,58000,00040000000000000b002e07e8051f00000000190100000102010000000000001a000300000000000000000000000000000000000000000000000000000000000000000000000000000000000000000000000000000000000000000000000000000025000000000000000000000000003a3a252c00000000000000000000000102011520800c882c800c0000010804c00a682e56000000000000000000000000004402000000000000000000000000000000000000000000000000000000000000010000000000000000000000000000000000000000000000000000000000000000000000000000000000000000000000000000000000000000010000000000
126,load,57000,00040000000000000b002e07e8051f00000000190100000102010000000000001a000300000000000000000000000000000000000000000000000000000000000000000000000000000000000000000000000000000000000000000000000000000025000000000000000000000000003a3a252c00000000000000000000000102011520800c882c800c0000010804c00a802e56000000000000000000000000004402000000000000000000000000000000000000000000000000000000000000010000000000000000000000000000000000000000000000000000000000000000000000000000000000000000000000000000000000000000010000000000
127,load,58000,00040000000000000b002e07e8051f00000000190100000102010000000000001a000300000000000000000000000000000000000000000000000000000000000000000000000000000000000000000000000000000000000000000000000000000025000000000000000000000000003a3a252c00000000000000000000000102011520800c882c800c0000010804c00a7d2e56000000000000000000000000004402000000000000000000000000000000000000000000000000000000000000010000000000000000000000000000000000000000000000000000000000000000000000000000000000000000000000000000000000000000010000000000
128,load,58000,00040000000000000b002e07e8051f00000000190100000102010000000000001a000300000000000000000000000000000000000000000000000000000000000000000000000000000000000000000000000000000000000000000000000000000025000000000000000000000000003a3a252c00000000000000000000000102011520800c882c800c0000010804c00a802e56000000000000000000000000004402000000000000000000000000000000000000000000000000000000000000010000000000000000000000000000000000000000000000000000000000000000000000000000000000000000000000000000000000000000010000000000
130,load,58000,00040000000000000b002e07e8051f00000000190100000102010000000000001a000300000000000000000000000000000000000000000000000000000000000000000000000000000000000000000000000000000000000000000000000000000025000000000000000000000000003a3a252c00000000000000000000000102011520800c882c800c0000010804c00a862e56000000000000000000000000004402000000000000000000000000000000000000000000000000000000000000010000000000000000000000000000000000000000000000000000000000000000000000000000000000000000000000000000000000000000010000000000
131,load,59000,00040000000000000b002e07e8051f00000000190100000102010000000000001a000300000000000000000000000000000000000000000000000000000000000000000000000000000000000000000000000000000000000000000000000000000025000000000000000000000000003b3b252c00000000000000000000000102011520800c882c800c0000010804c00a6e2e56000000000000000000000000004e02000000000000000000000000000000000000000000000000000000000000010000000000000000000000000000000000000000000000000000000000000000000000000000000000000000000000000000000000000000010000000000
132,load,58000,00040000000000000b002e07e8051f00000000190100000102010000000000001a000300000000000000000000000000000000000000000000000000000000000000000000000000000000000000000000000000000000000000000000000000000025000000000000000000000000003b3b252c00000000000000000000000102011520800c882c800c0000010804c00a652e56000000000000000000000000004e02000000000000000000000000000000000000000000000000000000000000010000000000000000000000000000000000000000000000000000000000000000000000000000000000000000000000000000000000000000010000000000
133,load,57000,00040000000000000b002e07e8051f00000000190100000102010000000000001a000300000000000000000000000000000000000000000000000000000000000000000000000000000000000000000000000000000000000000000000000000000025000000000000000000000000003b3b252c00000000000000000000000102011520800c882c800c0000010804c00a742e56000000000000000000000000004e02000000000000000000000000000000000000000000000000000000000000010000000000000000000000000000000000000000000000000000000000000000000000000000000000000000000000000000000000000000010000000000
134,load,58000,00040000000000000b002e07e8051f00000000190100000102010000000000001a000300000000000000000000000000000000000000000000000000000000000000000000000000000000000000000000000000000000000000000000000000000025000000000000000000000000003b3b252c00000000000000000000000102011520800c882c800c0000010804c00a7d2e56000000000000000000000000004e02000000000000000000000000000000000000000000000000000000000000010000000000000000000000000000000000000000000000000000000000000000000000000000000000000000000000000000000000000000010000000000
136,load,59000,00040000000000000b002e07e8051f00000000190100000102010000000000001a000300000000000000000000000000000000000000000000000000000000000000000000000000000000000000000000000000000000000000000000000000000025000000000000000000000000003b3b252c00000000000000000000000102011520800c882c800c0000010804c00a712e56000000000000000000000000004e02000000000000000000000000000000000000000000000000000000000000010000000000000000000000000000000000000000000000000000000000000000000000000000000000000000000000000000000000000000010000000000
137,load,58000,00040000000000000b002e07e8051f00000000190100000102010000000000001a000300000000000000000000000000000000000000000000000000000000000000000000000000000000000000000000000000000000000000000000000000000025000000000000000000000000003b3b252d00000000000000000000000102011520800c882c800c0000010804c00a652e56000000000000000000000000004e02000000000000000000000000000000000000000000000000000000000000010000000000000000000000000000000000000000000000000000000000000000000000000000000000000000000000000000000000000000010000000000
138,load,58000,00040000000000000b002e07e8051f00000000190100000102010000000000001a000300000000000000000000000000000000000000000000000000000000000000000000000000000000000000000000000000000000000000000000000000000025000000000000000000000000003b3b252d00000000000000000000000102011520800c882c800c0000010804c00a7a2e56000000000000000000000000004e02000000000000000000000000000000000000000000000000000000000000010000000000000000000000000000000000000000000000000000000000000000000000000000000000000000000000000000000000000000010000000000
139,load,58000,00040000000000000b002e07e8051f00000000190100000102010000000000001a000300000000000000000000000000000000000000000000000000000000000000000000000000000000000000000000000000000000000000000000000000000025000000000000000000000000003b3b252d00000000000000000000000102011520800c882c800c0000010804c00a682e56000000000000000000000000004e02000000000000000000000000000000000000000000000000000000000000010000000000000000000000000000000000000000000000000000000000000000000000000000000000000000000000000000000000000000010000000000
140,load,59000,00040000000000000b002e07e8051f00000000190100000102010000000000001a000300000000000000000000000000000000000000000000000000000000000000000000000000000000000000000000000000000000000000000000000000000025000000000000000000000000003b3b252d00000000000000000000000102011520800c882c800c0000010804c00a592e56000000000000000000000000004e02000000000000000000000000000000000000000000000000000000000000010000000000000000000000000000000000000000000000000000000000000000000000000000000000000000000000000000000000000000010000000000
141,load,58000,00040000000000000b002e07e8051f00000000190100000102010000000000001a000300000000000000000000000000000000000000000000000000000000000000000000000000000000000000000000000000000000000000000000000000000025000000000000000000000000003b3b252d00000000000000000000000102011520800c882c800c0000010804c00a772e56000000000000000000000000004e02000000000000000000000000000000000000000000000000000000000000010000000000000000000000000000000000000000000000000000000000000000000000000000000000000000000000000000000000000000010000000000
143,load,59000,00040000000000000b002e07e8051f00000000190100000102010000000000001a000300000000000000000000000000000000000000000000000000000000000000000000000000000000000000000000000000000000000000000000000000000025000000000000000000000000003b3b252d00000000000000000000000102011520800c882c800c0000010804c00a622e56000000000000000000000000004e02000000000000000000000000000000000000000000000000000000000000010000000000000000000000000000000000000000000000000000000000000000000000000000000000000000000000000000000000000000010000000000
144,load,59000,00040000000000000b002e07e8051f00000000190100000102010000000000001a000300000000000000000000000000000000000000000000000000000000000000000000000000000000000000000000000000000000000000000000000000000025000000000000000000000000003c3c252d00000000000000000000000102011520800c882c800c0000010804c00a6b2e56000000000000000000000000005802000000000000000000000000000000000000000000000000000000000000010000000000000000000000000000000000000000000000000000000000000000000000000000000000000000000000000000000000000000010000000000
145,load,59000,00040000000000000b002e07e8051f00000000190100000102010000000000001a000300000000000000000000000000000000000000000000000000000000000000000000000000000000000000000000000000000000000000000000000000000025000000000000000000000000003c3c252d00000000000000000000000102011520800c882c800c0000014c04c00a5f2e56000000000000000000000000005802000000000000000000000000000000000000000000000000000000000000010000000000000000000000000000000000000000000000000000000000000000000000000000000000000000000000000000000000000000010000000000
146,load,59000,00040000000000000b002e07e8051f00000000190100000102010000000000001a000300000000000000000000000000000000000000000000000000000000000000000000000000000000000000000000000000000000000000000000000000000025000000000000000000000000003c3c252d00000000000000000000000102011520800c882c800c0000014c04c00a502e56000000000000000000000000005802000000000000000000000000000000000000000000000000000000000000010000000000000000000000000000000000000000000000000000000000000000000000000000000000000000000000000000000000000000010000000000
147,load,59000,00040000000000000b002e07e8051f00000000190100000102010000000000001a000300000000000000000000000000000000000000000000000000000000000000000000000000000000000000000000000000000000000000000000000000000025000000000000000000000000003c3c252d00000000000000000000000102011520800c882c800c0000014c04c00a712e56000000000000000000000000005802000000000000000000000000000000000000000000000000000000000000010000000000000000000000000000000000000000000000000000000000000000000000000000000000000000000000000000000000000000010000000000
149,load,59000,00040000000000000b002e07e8051f00000000190100000102010000000000001a000300000000000000000000000000000000000000000000000000000000000000000000000000000000000000000000000000000000000000000000000000000025000000000000000000000000003c3c252d00000000000000000000000102011520800c882c800c0000014c04c00a742e56000000000000000000000000005802000000000000000000000000000000000000000000000000000000000000010000000000000000000000000000000000000000000000000000000000000000000000000000000000000000000000000000000000000000010000000000
150,load,59000,00040000000000000b002e07e8051f00000000190100000102010000000000001a000300000000000000000000000000000000000000000000000000000000000000000000000000000000000000000000000000000000000000000000000000000025000000000000000000000000003c3c252d00000000000000000000000102011520800c882c800c0000014c04c00a742e56000000000000000000000000005802000000000000000000000000000000000000000000000000000000000000010000000000000000000000000000000000000000000000000000000000000000000000000000000000000000000000000000000000000000010000000000
151,load,59000,00040000000000000b002e07e8051f00000000190100000102010000000000001a000300000000000000000000000000000000000000000000000000000000000000000000000000000000000000000000000000000000000000000000000000000025000000000000000000000000003c3c252d00000000000000000000000102011520800c882c800c0000014c04c00a6b2e56000000000000000000000000005802000000000000000000000000000000000000000000000000000000000000010000000000000000000000000000000000000000000000000000000000000000000000000000000000000000000000000000000000000000010000000000
152,load,59000,00040000000000000b002e07e8051f00000000190100000102010000000000001a000300000000000000000000000000000000000000000000000000000000000000000000000000000000000000000000000000000000000000000000000000000025000000000000000000000000003c3c252d00000000000000000000000102011520800c882c800c0000014c04c00a592e56000000000000000000000000005802000000000000000000000000000000000000000000000000000000000000010000000000000000000000000000000000000000000000000000000000000000000000000000000000000000000000000000000000000000010000000000
153,load,59000,00040000000000000b002e07e8051f00000000190100000102010000000000001a000300000000000000000000000000000000000000000000000000000000000000000000000000000000000000000000000000000000000000000000000000000025000000000000000000000000003c3c252e00000000000000000000000102011520800c882c800c0000014c04c00a712e56000000000000000000000000005802000000000000000000000000000000000000000000000000000000000000010000000000000000000000000000000000000000000000000000000000000000000000000000000000000000000000000000000000000000010000000000
154,load,59000,00040000000000000b002e07e8051f00000000190100000102010000000000001a000300000000000000000000000000000000000000000000000000000000000000000000000000000000000000000000000000000000000000000000000000000025000000000000000000000000003c3c252e00000000000000000000000102011520800c882c800c0000014c04c00a712e56000000000000000000000000005802000000000000000000000000000000000000000000000000000000000000010000000000000000000000000000000000000000000000000000000000000000000000000000000000000000000000000000000000000000010000000000
156,load,59000,00040000000000000b002e07e8051f00000000190100000102010000000000001a000300000000000000000000000000000000000000000000000000000000000000000000000000000000000000000000000000000000000000000000000000000025000000000000000000000000003c3c252e00000000000000000000000102011520800c882c800c0000014c04c00a742e56000000000000000000000000005802000000000000000000000000000000000000000000000000000000000000010000000000000000000000000000000000000000000000000000000000000000000000000000000000000000000000000000000000000000010000000000
157,load,60000,00040000000000000b002e07e8051f00000000190100000102010000000000001a000300000000000000000000000000000000000000000000000000000000000000000000000000000000000000000000000000000000000000000000000000000025000000000000000000000000003c3c252e00000000000000000000000102011520800c882c800c0000010804c00a7a2e56000000000000000000000000005802000000000000000000000000000000000000000000000000000000000000010000000000000000000000000000000000000000000000000000000000000000000000000000000000000000000000000000000000000000010000000000
158,load,60000,00040000000000000b002e07e8051f00000000190100000102010000000000001a000300000000000000000000000000000000000000000000000000000000000000000000000000000000000000000000000000000000000000000000000000000025000000000000000000000000003c3c252e00000000000000000000000102011520800c882c800c0000010804c00a652e56000000000000000000000000005802000000000000000000000000000000000000000000000000000000000000010000000000000000000000000000000000000000000000000000000000000000000000000000000000000000000000000000000000000000010000000000
159,load,59000,00040000000000000b002e07e8051f00000000190100000102010000000000001a000300000000000000000000000000000000000000000000000000000000000000000000000000000000000000000000000000000000000000000000000000000025000000000000000000000000003c3c252e00000000000000000000000102011520800c882c800c0000010804c00a652e56000000000000000000000000005802000000000000000000000000000000000000000000000000000000000000010000000000000000000000000000000000000000000000000000000000000000000000000000000000000000000000000000000000000000010000000000
160,load,59000,00040000000000000b002e07e8051f00000000190100000102010000000000001a000300000000000000000000000000000000000000000000000000000000000000000000000000000000000000000000000000000000000000000000000000000025000000000000000000000000003c3c252e00000000000000000000000102011520800c882c800c0000010804c00a682e56000000000000000000000000005802000000000000000000000000000000000000000000000000000000000000010000000000000000000000000000000000000000000000000000000000000000000000000000000000000000000000000000000000000000010000000000
161,load,59000,00040000000000000b002e07e8051f00000000190100000102010000000000001a000300000000000000000000000000000000000000000000000000000000000000000000000000000000000000000000000000000000000000000000000000000025000000000000000000000000003c3c262e00000000000000000000000102011520800c882c800c0000010804c00a6b2e56000000000000000000000000005802000000000000000000000000000000000000000000000000000000000000010000000000000000000000000000000000000000000000000000000000000000000000000000000000000000000000000000000000000000010000000000
163,load,59000,00040000000000000b002e07e8051f00000000190100000102010000000000001a000300000000000000000000000000000000000000000000000000000000000000000000000000000000000000000000000000000000000000000000000000000025000000000000000000000000003c3c262e00000000000000000000000102011520800c882c800c0000010804c00a6e2e56000000000000000000000000005802000000000000000000000000000000000000000000000000000000000000010000000000000000000000000000000000000000000000000000000000000000000000000000000000000000000000000000000000000000010000000000
164,load,59000,00040000000000000b002e07e8051f00000000190100000102010000000000001a000300000000000000000000000000000000000000000000000000000000000000000000000000000000000000000000000000000000000000000000000000000025000000000000000000000000003c3c262e00000000000000000000000102011520800c882c800c0000010804c00a652e56000000000000000000000000005802000000000000000000000000000000000000000000000000000000000000010000000000000000000000000000000000000000000000000000000000000000000000000000000000000000000000000000000000000000010000000000
165,load,59000,00040000000000000b002e07e8051f00000000190100000102010000000000001a000300000000000000000000000000000000000000000000000000000000000000000000000000000000000000000000000000000000000000000000000000000025000000000000000000000000003c3c262e00000000000000000000000102011520800c882c800c0000010804c00a682e56000000000000000000000000005802000000000000000000000000000000000000000000000000000000000000010000000000000000000000000000000000000000000000000000000000000000000000000000000000000000000000000000000000000000010000000000
166,load,59000,00040000000000000b002e07e8051f00000000190100000102010000000000001a000300000000000000000000000000000000000000000000000000000000000000000000000000000000000000000000000000000000000000000000000000000025000000000000000000000000003d3d262e00000000000000000000000102011520800c882c800c0000010804c00a562e56000000000000000000000000006202000000000000000000000000000000000000000000000000000000000000010000000000000000000000000000000000000000000000000000000000000000000000000000000000000000000000000000000000000000010000000000
167,load,59000,00040000000000000b002e07e8051f00000000190100000102010000000000001a000300000000000000000000000000000000000000000000000000000000000000000000000000000000000000000000000000000000000000000000000000000025000000000000000000000000003d3d262e00000000000000000000000102011520800c882c800c0000010804c00a682e56000000000000000000000000006202000000000000000000000000000000000000000000000000000000000000010000000000000000000000000000000000000000000000000000000000000000000000000000000000000000000000000000000000000000010000000000
169,load,59000,00040000000000000b002e07e8051f00000000190100000102010000000000001a000300000000000000000000000000000000000000000000000000000000000000000000000000000000000000000000000000000000000000000000000000000025000000000000000000000000003c3c262f00000000000000000000000102011520800c882c800c0000010804c00a5f2e56000000000000000000000000005802000000000000000000000000000000000000000000000000000000000000010000000000000000000000000000000000000000000000000000000000000000000000000000000000000000000000000000000000000000010000000000
170,load,59000,00040000000000000b002e07e8051f00000000190100000102010000000000001a000300000000000000000000000000000000000000000000000000000000000000000000000000000000000000000000000000000000000000000000000000000025000000000000000000000000003c3c262f00000000000000000000000102011520800c882c800c0000010804c00a682e56000000000000000000000000005802000000000000000000000000000000000000000000000000000000000000010000000000000000000000000000000000000000000000000000000000000000000000000000000000000000000000000000000000000000010000000000
171,load,60000,00040000000000000b002e07e8051f00000000190100000102010000000000001a000300000000000000000000000000000000000000000000000000000000000000000000000000000000000000000000000000000000000000000000000000000025000000000000000000000000003d3d262f00000000000000000000000102011520800c882c800c0000010804c00a5c2e56000000000000000000000000006202000000000000000000000000000000000000000000000000000000000000010000000000000000000000000000000000000000000000000000000000000000000000000000000000000000000000000000000000000000010000000000
172,load,60000,00040000000000000b002e07e8051f00000000190100000102010000000000001a000300000000000000000000000000000000000000000000000000000000000000000000000000000000000000000000000000000000000000000000000000000025000000000000000000000000003d3d262f00000000000000000000000102011520800c882c800c0000010804c00a5c2e56000000000000000000000000006202000000000000000000000000000000000000000000000000000000000000010000000000000000000000000000000000000000000000000000000000000000000000000000000000000000000000000000000000000000010000000000
173,load,59000,00040000000000000b002e07e8051f00000000190100000102010000000000001a000300000000000000000000000000000000000000000000000000000000000000000000000000000000000000000000000000000000000000000000000000000025000000000000000000000000003d3d262f00000000000000000000000102011520800c882c800c0000010804c00a622e56000000000000000000000000006202000000000000000000000000000000000000000000000000000000000000010000000000000000000000000000000000000000000000000000000000000000000000000000000000000000000000000000000000000000010000000000
174,load,59000,00040000000000000b002e07e8051f00000000190100000102010000000000001a000300000000000000000000000000000000000000000000000000000000000000000000000000000000000000000000000000000000000000000000000000000025000000000000000000000000003c3c262f00000000000000000000000102011520800c882c800c0000010804c00a562e56000000000000000000000000005802000000000000000000000000000000000000000000000000000000000000010000000000000000000000000000000000000000000000000000000000000000000000000000000000000000000000000000000000000000010000000000
176,load,59000,00040000000000000b002e07e8051f00000000190100000102010000000000001a000300000000000000000000000000000000000000000000000000000000000000000000000000000000000000000000000000000000000000000000000000000025000000000000000000000000003c3c262f00000000000000000000000102011520800c882c800c0000010804a00a5f2e55000000000000000000000000005802000000000000000000000000000000000000000000000000000000000000010000000000000000000000000000000000000000000000000000000000000000000000000000000000000000000000000000000000000000010000000000
177,load,60000,00040000000000000b002e07e8051f00000000190100000102010000000000001a000300000000000000000000000000000000000000000000000000000000000000000000000000000000000000000000000000000000000000000000000000000025000000000000000000000000003c3c262f00000000000000000000000102011520800c882c800c000001fc03a00a682e55000000000000000000000000005802000000000000000000000000000000000000000000000000000000000000010000000000000000000000000000000000000000000000000000000000000000000000000000000000000000000000000000000000000000010000000000
178,load,61000,00040000000000000b002e07e8051f00000000190100000102010000000000001a000300000000000000000000000000000000000000000000000000000000000000000000000000000000000000000000000000000000000000000000000000000025000000000000000000000000003c3c262f00000000000000000000000102011520800c882c800c000001fc03a00a712e55000000000000000000000000005802000000000000000000000000000000000000000000000000000000000000010000000000000000000000000000000000000000000000000000000000000000000000000000000000000000000000000000000000000000010000000000
179,load,60000,00040000000000000b002e07e8051f00000000190100000102010000000000001a000300000000000000000000000000000000000000000000000000000000000000000000000000000000000000000000000000000000000000000000000000000025000000000000000000000000003d3d262f00000000000000000000000102011520800c882c800c000001fc03a00a622e55000000000000000000000000006202000000000000000000000000000000000000000000000000000000000000010000000000000000000000000000000000000000000000000000000000000000000000000000000000000000000000000000000000000000010000000000
180,cooldown,59000,00040000000000000b002e07e8051f00000000190100000102010000000000001a000300000000000000000000000000000000000000000000000000000000000000000000000000000000000000000000000000000000000000000000000000000025000000000000000000000000003d3d262f00000000000000000000000102011520800c882c800c000001fc03a00a562e55000000000000000000000000006202000000000000000000000000000000000000000000000000000000000000010000000000000000000000000000000000000000000000000000000000000000000000000000000000000000000000000000000000000000010000000000
182,cooldown,56000,00040000000000000b002e07e8051f00000000190100000102010000000000001a000300000000000000000000000000000000000000000000000000000000000000000000000000000000000000000000000000000000000000000000000000000025000000000000000000000000003a3a262f00000000000000000000000102011520800c882c800c000001fc03a00a282f55000000000000000000000000004402000000000000000000000000000000000000000000000000000000000000010000000000000000000000000000000000000000000000000000000000000000000000000000000000000000000000000000000000000000010000000000
183,cooldown,55000,00040000000000000b002e07e8051f00000000190100000102010000000000001a000300000000000000000000000000000000000000000000000000000000000000000000000000000000000000000000000000000000000000000000000000000025000000000000000000000000003a3a262f00000000000000000000000102011520800c882c800c000001fc03a00a102f55000000000000000000000000004402000000000000000000000000000000000000000000000000000000000000010000000000000000000000000000000000000000000000000000000000000000000000000000000000000000000000000000000000000000010000000000
184,cooldown,55000,00040000000000000b002e07e8051f00000000190100000102010000000000001a000300000000000000000000000000000000000000000000000000000000000000000000000000000000000000000000000000000000000000000000000000000025000000000000000000000000003838262f00000000000000000000000102011520800c882c800c000001fc03a00a282f55000000000000000000000000003002000000000000000000000000000000000000000000000000000000000000010000000000000000000000000000000000000000000000000000000000000000000000000000000000000000000000000000000000000000010000000000
185,cooldown,54000,00040000000000000b002e07e8051f00000000190100000102010000000000001a000300000000000000000000000000000000000000000000000000000000000000000000000000000000000000000000000000000000000000000000000000000025000000000000000000000000003838262f00000000000000000000000102011520800c882c800c0000015a03a00a252f55000000000000000000000000003002000000000000000000000000000000000000000000000000000000000000010000000000000000000000000000000000000000000000000000000000000000000000000000000000000000000000000000000000000000010000000000
186,cooldown,55000,00040000000000000b002e07e8051f00000000190100000102010000000000001a000300000000000000000000000000000000000000000000000000000000000000000000000000000000000000000000000000000000000000000000000000000025000000000000000000000000003838262f00000000000000000000000102011520800c882c800c0000015a03a00aef2e55000000000000000000000000003002000000000000000000000000000000000000000000000000000000000000010000000000000000000000000000000000000000000000000000000000000000000000000000000000000000000000000000000000000000010000000000
188,cooldown,54000,00040000000000000b002e07e8051f00000000190100000102010000000000001a000300000000000000000000000000000000000000000000000000000000000000000000000000000000000000000000000000000000000000000000000000000025000000000000000000000000003838262f00000000000000000000000102011520800c882c800c0000015a03a00aef2e55000000000000000000000000003002000000000000000000000000000000000000000000000000000000000000010000000000000000000000000000000000000000000000000000000000000000000000000000000000000000000000000000000000000000010000000000
189,cooldown,53000,00040000000000000b002e07e8051f00000000190100000102010000000000001a000300000000000000000000000000000000000000000000000000000000000000000000000000000000000000000000000000000000000000000000000000000026000000000000000000000000003737262f00000000000000000000000102011520800c882c800c000001c502a00a342f55000000000000000000000000002602000000000000000000000000000000000000000000000000000000000000010000000000000000000000000000000000000000000000000000000000000000000000000000000000000000000000000000000000000000010000000000
190,cooldown,53000,00040000000000000b002e07e8051f00000000190100000102010000000000001a000300000000000000000000000000000000000000000000000000000000000000000000000000000000000000000000000000000000000000000000000000000026000000000000000000000000003737262f00000000000000000000000102011520800c882c800c000001c502a00a2e2f55000000000000000000000000002602000000000000000000000000000000000000000000000000000000000000010000000000000000000000000000000000000000000000000000000000000000000000000000000000000000000000000000000000000000010000000000
191,cooldown,53000,00040000000000000b002e07e8051f00000000190100000102010000000000001a000300000000000000000000000000000000000000000000000000000000000000000000000000000000000000000000000000000000000000000000000000000026000000000000000000000000003737262f00000000000000000000000102011520800c882c800c000001c502a00a342f55000000000000000000000000002602000000000000000000000000000000000000000000000000000000000000010000000000000000000000000000000000000000000000000000000000000000000000000000000000000000000000000000000000000000010000000000
193,cooldown,52000,00040000000000000b002e07e8051f00000000190100000102010000000000001a000300000000000000000000000000000000000000000000000000000000000000000000000000000000000000000000000000000000000000000000000000000026000000000000000000000000003737262f00000000000000000000000102011520800c882c800c000001c502a00aec2e55000000000000000000000000002602000000000000000000000000000000000000000000000000000000000000010000000000000000000000000000000000000000000000000000000000000000000000000000000000000000000000000000000000000000010000000000
194,cooldown,53000,00040000000000000b002e07e8051f00000000190100000102010000000000001a000300000000000000000000000000000000000000000000000000000000000000000000000000000000000000000000000000000000000000000000000000000026000000000000000000000000003636262e00000000000000000000000102011520800c882c800c0000017302a00a2b2f55000000000000000000000000001c02000000000000000000000000000000000000000000000000000000000000010000000000000000000000000000000000000000000000000000000000000000000000000000000000000000000000000000000000000000010000000000
195,cooldown,52000,00040000000000000b002e07e8051f00000000190100000102010000000000001a000300000000000000000000000000000000000000000000000000000000000000000000000000000000000000000000000000000000000000000000000000000026000000000000000000000000003636262e00000000000000000000000102011520800c882c800c0000017302a00a252f55000000000000000000000000001c02000000000000000000000000000000000000000000000000000000000000010000000000000000000000000000000000000000000000000000000000000000000000000000000000000000000000000000000000000000010000000000
196,cooldown,52000,00040000000000000b002e07e8051f00000000190100000102010000000000001a000300000000000000000000000000000000000000000000000000000000000000000000000000000000000000000000000000000000000000000000000000000026000000000000000000000000003636262e00000000000000000000000102011520800c882c800c0000017302a00a2b2f55000000000000000000000000001c02000000000000000000000000000000000000000000000000000000000000010000000000000000000000000000000000000000000000000000000000000000000000000000000000000000000000000000000000000000010000000000
198,cooldown,52000,00040000000000000b002e07e8051f00000000190100000102010000000000001a000300000000000000000000000000000000000000000000000000000000000000000000000000000000000000000000000000000000000000000000000000000026000000000000000000000000003636262e00000000000000000000000102011520800c882c800c0000013202a00a3a2f55000000000000000000000000001c02000000000000000000000000000000000000000000000000000000000000010000000000000000000000000000000000000000000000000000000000000000000000000000000000000000000000000000000000000000010000000000
199,cooldown,52000,00040000000000000b002e07e8051f00000000190100000102010000000000001a000300000000000000000000000000000000000000000000000000000000000000000000000000000000000000000000000000000000000000000000000000000026000000000000000000000000003636262e00000000000000000000000102011520800c882c800c0000013202a00a042f55000000000000000000000000001c02000000000000000000000000000000000000000000000000000000000000010000000000000000000000000000000000000000000000000000000000000000000000000000000000000000000000000000000000000000010000000000
200,cooldown,52000,00040000000000000b002e07e8051f00000000190100000102010000000000001a000300000000000000000000000000000000000000000000000000000000000000000000000000000000000000000000000000000000000000000000000000000026000000000000000000000000003535262e00000000000000000000000102011520800c882c800c0000013202a00afb2e55000000000000000000000000001202000000000000000000000000000000000000000000000000000000000000010000000000000000000000000000000000000000000000000000000000000000000000000000000000000000000000000000000000000000010000000000
201,cooldown,52000,00040000000000000b002e07e8051f00000000190100000102010000000000001a000300000000000000000000000000000000000000000000000000000000000000000000000000000000000000000000000000000000000000000000000000000026000000000000000000000000003535262e00000000000000000000000102011520800c882c800c000001fe01a00a312f55000000000000000000000000001202000000000000000000000000000000000000000000000000000000000000010000000000000000000000000000000000000000000000000000000000000000000000000000000000000000000000000000000000000000010000000000
202,cooldown,52000,00040000000000000b002e07e8051f00000000190100000102010000000000001a000300000000000000000000000000000000000000000000000000000000000000000000000000000000000000000000000000000000000000000000000000000026000000000000000000000000003535262e00000000000000000000000102011520800c882c800c000001fe01a00a3d2f55000000000000000000000000001202000000000000000000000000000000000000000000000000000000000000010000000000000000000000000000000000000000000000000000000000000000000000000000000000000000000000000000000000000000010000000000
204,cooldown,52000,00040000000000000b002e07e8051f00000000190100000102010000000000001a000300000000000000000000000000000000000000000000000000000000000000000000000000000000000000000000000000000000000000000000000000000026000000000000000000000000003535262e00000000000000000000000102011520800c882c800c000001fe01a00a342f55000000000000000000000000001202000000000000000000000000000000000000000000000000000000000000010000000000000000000000000000000000000000000000000000000000000000000000000000000000000000000000000000000000000000010000000000
205,cooldown,51000,00040000000000000b002e07e8051f00000000190100000102010000000000001a000300000000000000000000000000000000000000000000000000000000000000000000000000000000000000000000000000000000000000000000000000000026000000000000000000000000003535262e00000000000000000000000102011520800c882c800c000001fe01a00a3d2f55000000000000000000000000001202000000000000000000000000000000000000000000000000000000000000010000000000000000000000000000000000000000000000000000000000000000000000000000000000000000000000000000000000000000010000000000
206,cooldown,51000,00040000000000000b002e07e8051f00000000190100000102010000000000001a000300000000000000000000000000000000000000000000000000000000000000000000000000000000000000000000000000000000000000000000000000000026000000000000000000000000003535262d00000000000000000000000102011520800c882c800c000001fe01a00a3d2f55000000000000000000000000001202000000000000000000000000000000000000000000000000000000000000010000000000000000000000000000000000000000000000000000000000000000000000000000000000000000000000000000000000000000010000000000
207,cooldown,51000,00040000000000000b002e07e8051f00000000190100000102010000000000001a000300000000000000000000000000000000000000000000000000000000000000000000000000000000000000000000000000000000000000000000000000000026000000000000000000000000003434262d00000000000000000000000102011520800c882c800c000001fe01a00a3a2f55000000000000000000000000000802000000000000000000000000000000000000000000000000000000000000010000000000000000000000000000000000000000000000000000000000000000000000000000000000000000000000000000000000000000010000000000
209,cooldown,51000,00040000000000000b002e07e8051f00000000190100000102010000000000001a000300000000000000000000000000000000000000000000000000000000000000000000000000000000000000000000000000000000000000000000000000000026000000000000000000000000003434262d00000000000000000000000102011520800c882c800c000001fe01a00a1c2f55000000000000000000000000000802000000000000000000000000000000000000000000000000000000000000010000000000000000000000000000000000000000000000000000000000000000000000000000000000000000000000000000000000000000010000000000
210,cooldown,50000,00040000000000000b002e07e8051f00000000190100000102010000000000001a000300000000000000000000000000000000000000000000000000000000000000000000000000000000000000000000000000000000000000000000000000000026000000000000000000000000003434262d00000000000000000000000102011520800c882c800c000001e001a00a3d2f55000000000000000000000000000802000000000000000000000000000000000000000000000000000000000000010000000000000000000000000000000000000000000000000000000000000000000000000000000000000000000000000000000000000000010000000000
211,cooldown,50000,00040000000000000b002e07e8051f00000000190100000102010000000000001a000300000000000000000000000000000000000000000000000000000000000000000000000000000000000000000000000000000000000000000000000000000026000000000000000000000000003434262d00000000000000000000000102011520800c882c800c000001e001a00a402f55000000000000000000000000000802000000000000000000000000000000000000000000000000000000000000010000000000000000000000000000000000000000000000000000000000000000000000000000000000000000000000000000000000000000010000000000
212,cooldown,51000,00040000000000000b002e07e8051f00000000190100000102010000000000001a000300000000000000000000000000000000000000000000000000000000000000000000000000000000000000000000000000000000000000000000000000000026000000000000000000000000003434262d00000000000000000000000102011520800c882c800c000001e001a00a282f55000000000000000000000000000802000000000000000000000000000000000000000000000000000000000000010000000000000000000000000000000000000000000000000000000000000000000000000000000000000000000000000000000000000000010000000000
213,cooldown,51000,00040000000000000b002e07e8051f00000000190100000102010000000000001a000300000000000000000000000000000000000000000000000000000000000000000000000000000000000000000000000000000000000000000000000000000026000000000000000000000000003434262d00000000000000000000000102011520800c882c800c000001e001a00a3d2f55000000000000000000000000000802000000000000000000000000000000000000000000000000000000000000010000000000000000000000000000000000000000000000000000000000000000000000000000000000000000000000000000000000000000010000000000
215,cooldown,51000,00040000000000000b002e07e8051f00000000190100000102010000000000001a000300000000000000000000000000000000000000000000000000000000000000000000000000000000000000000000000000000000000000000000000000000026000000000000000000000000003434262d00000000000000000000000102011520800c882c800c000001e001a00a492f55000000000000000000000000000802000000000000000000000000000000000000000000000000000000000000010000000000000000000000000000000000000000000000000000000000000000000000000000000000000000000000000000000000000000010000000000
216,cooldown,50000,00040000000000000b002e07e8051f00000000190100000102010000000000001a000300000000000000000000000000000000000000000000000000000000000000000000000000000000000000000000000000000000000000000000000000000026000000000000000000000000003434262d00000000000000000000000102011520800c882c800c000001e001a00a4f2f55000000000000000000000000000802000000000000000000000000000000000000000000000000000000000000010000000000000000000000000000000000000000000000000000000000000000000000000000000000000000000000000000000000000000010000000000
217,cooldown,50000,00040000000000000b002e07e8051f00000000190100000102010000000000001a000300000000000000000000000000000000000000000000000000000000000000000000000000000000000000000000000000000000000000000000000000000026000000000000000000000000003434262d00000000000000000000000102011520800c882c800c000001c501a00a222f55000000000000000000000000000802000000000000000000000000000000000000000000000000000000000000010000000000000000000000000000000000000000000000000000000000000000000000000000000000000000000000000000000000000000010000000000
218,cooldown,50000,00040000000000000b002e07e8051f00000000190100000102010000000000001a000300000000000000000000000000000000000000000000000000000000000000000000000000000000000000000000000000000000000000000000000000000026000000000000000000000000003434262c00000000000000000000000102011520800c882c800c000001c501a00afe2e55000000000000000000000000000802000000000000000000000000000000000000000000000000000000000000010000000000000000000000000000000000000000000000000000000000000000000000000000000000000000000000000000000000000000010000000000
220,cooldown,50000,00040000000000000b002e07e8051f00000000190100000102010000000000001a000300000000000000000000000000000000000000000000000000000000000000000000000000000000000000000000000000000000000000000000000000000026000000000000000000000000003333262c00000000000000000000000102011520800c882c800c000001c501a00a402f5500000000000000000000000000fe01000000000000000000000000000000000000000000000000000000000000010000000000000000000000000000000000000000000000000000000000000000000000000000000000000000000000000000000000000000010000000000
221,cooldown,50000,00040000000000000b002e07e8051f00000000190100000102010000000000001a000300000000000000000000000000000000000000000000000000000000000000000000000000000000000000000000000000000000000000000000000000000026000000000000000000000000003333262c00000000000000000000000102011520800c882c800c000001c501a00a4c2f5500000000000000000000000000fe01000000000000000000000000000000000000000000000000000000000000010000000000000000000000000000000000000000000000000000000000000000000000000000000000000000000000000000000000000000010000000000
222,cooldown,50000,00040000000000000b002e07e8051f00000000190100000102010000000000001a000300000000000000000000000000000000000000000000000000000000000000000000000000000000000000000000000000000000000000000000000000000026000000000000000000000000003333262c00000000000000000000000102011520800c882c800c000001c501a00a522f5500000000000000000000000000fe01000000000000000000000000000000000000000000000000000000000000010000000000000000000000000000000000000000000000000000000000000000000000000000000000000000000000000000000000000000010000000000
223,cooldown,50000,00040000000000000b002e07e8051f00000000190100000102010000000000001a000300000000000000000000000000000000000000000000000000000000000000000000000000000000000000000000000000000000000000000000000000000026000000000000000000000000003333262c00000000000000000000000102011520800c882c800c000001c501a00a4c2f5500000000000000000000000000fe01000000000000000000000000000000000000000000000000000000000000010000000000000000000000000000000000000000000000000000000000000000000000000000000000000000000000000000000000000000010000000000
225,cooldown,50000,00040000000000000b002e07e8051f00000000190100000102010000000000001a000300000000000000000000000000000000000000000000000000000000000000000000000000000000000000000000000000000000000000000000000000000026000000000000000000000000003333262c00000000000000000000000102011520800c882c800c000001c501a00a522f5500000000000000000000000000fe01000000000000000000000000000000000000000000000000000000000000010000000000000000000000000000000000000000000000000000000000000000000000000000000000000000000000000000000000000000010000000000
226,cooldown,50000,00040000000000000b002e07e8051f00000000190100000102010000000000001a000300000000000000000000000000000000000000000000000000000000000000000000000000000000000000000000000000000000000000000000000000000026000000000000000000000000003333262c00000000000000000000000102011520800c882c800c000001a201a00a3a2f5500000000000000000000000000fe01000000000000000000000000000000000000000000000000000000000000010000000000000000000000000000000000000000000000000000000000000000000000000000000000000000000000000000000000000000010000000000
227,cooldown,50000,00040000000000000b002e07e8051f00000000190100000102010000000000001a000300000000000000000000000000000000000000000000000000000000000000000000000000000000000000000000000000000000000000000000000000000026000000000000000000000000003232262c00000000000000000000000102011520800c882c800c000001a201a00a3a2f5500000000000000000000000000f401000000000000000000000000000000000000000000000000000000000000010000000000000000000000000000000000000000000000000000000000000000000000000000000000000000000000000000000000000000010000000000
228,cooldown,48000,00040000000000000b002e07e8051f00000000190100000102010000000000001a000300000000000000000000000000000000000000000000000000000000000000000000000000000000000000000000000000000000000000000000000000000026000000000000000000000000003232262c00000000000000000000000102011520800c882c800c000001a201a00a5b2f5500000000000000000000000000f401000000000000000000000000000000000000000000000000000000000000010000000000000000000000000000000000000000000000000000000000000000000000000000000000000000000000000000000000000000010000000000
229,cooldown,48000,00040000000000000b002e07e8051f00000000190100000102010000000000001a000300000000000000000000000000000000000000000000000000000000000000000000000000000000000000000000000000000000000000000000000000000026000000000000000000000000003232262c00000000000000000000000102011520800c882c800c0000018401a00a102f5500000000000000000000000000f401000000000000000000000000000000000000000000000000000000000000010000000000000000000000000000000000000000000000000000000000000000000000000000000000000000000000000000000000000000010000000000
231,cooldown,48000,00040000000000000b002e07e8051f00000000190100000102010000000000001a000300000000000000000000000000000000000000000000000000000000000000000000000000000000000000000000000000000000000000000000000000000026000000000000000000000000003232262b00000000000000000000000102011520800c882c800c0000018401a00a4c2f5500000000000000000000000000f401000000000000000000000000000000000000000000000000000000000000010000000000000000000000000000000000000000000000000000000000000000000000000000000000000000000000000000000000000000010000000000
232,cooldown,49000,00040000000000000b002e07e8051f00000000190100000102010000000000001a000300000000000000000000000000000000000000000000000000000000000000000000000000000000000000000000000000000000000000000000000000000026000000000000000000000000003232262b00000000000000000000000102011520800c882c800c0000018401a00a432f5500000000000000000000000000f401000000000000000000000000000000000000000000000000000000000000010000000000000000000000000000000000000000000000000000000000000000000000000000000000000000000000000000000000000000010000000000
233,cooldown,49000,00040000000000000b002e07e8051f00000000190100000102010000000000001a000300000000000000000000000000000000000000000000000000000000000000000000000000000000000000000000000000000000000000000000000000000026000000000000000000000000003232262b00000000000000000000000102011520800c882c800c0000018e01a00a5b2f5500000000000000000000000000f401000000000000000000000000000000000000000000000000000000000000010000000000000000000000000000000000000000000000000000000000000000000000000000000000000000000000000000000000000000010000000000
234,cooldown,48000,00040000000000000b002e07e8051f00000000190100000102010000000000001a000300000000000000000000000000000000000000000000000000000000000000000000000000000000000000000000000000000000000000000000000000000026000000000000000000000000003232262b00000000000000000000000102011520800c882c800c0000018e01a00a5e2f5500000000000000000000000000f401000000000000000000000000000000000000000000000000000000000000010000000000000000000000000000000000000000000000000000000000000000000000000000000000000000000000000000000000000000010000000000
